{
  "pk": {
    "most_popular_class": "pk_2c_iv_infusion",
    "most_popular_class_id": 5,
    "class_counts": {
      "pk_2c_iv_infusion": 36
    },
    "param_ranges_p5_p50_p95": {
      "CL": {
        "p5": 0.02954680845141411,
        "p50": 0.048646895214915276,
        "p95": 0.0873776227235794
      },
      "Vc": {
        "p5": 1.1349785327911377,
        "p50": 1.3215688467025757,
        "p95": 1.543166697025299
      },
      "Vp": {
        "p5": 6.172096490859985,
        "p50": 8.03603458404541,
        "p95": 10.4442298412323
      },
      "Q": {
        "p5": 0.1753370277583599,
        "p50": 0.33222708106040955,
        "p95": 0.7330343127250671
      },
      "tau": {
        "p5": 3.435567319393158,
        "p50": 5.0334038734436035,
        "p95": 6.821564316749573
      }
    }
  },
  "pd": {
    "most_popular_class": "pd_indirect_inhib_kin",
    "most_popular_class_id": 5,
    "class_counts": {
      "pd_direct_linear": 1,
      "pd_direct_emax": 1,
      "pd_direct_sigmoid": 3,
      "pd_effect_comp_emax": 2,
      "pd_indirect_inhib_kin": 35,
      "pd_indirect_stim_kin": 3,
      "pd_indirect_inhib_kout": 1,
      "pd_indirect_stim_kout": 1,
      "pd_transit_delay": 1
    },
    "param_ranges_p5_p50_p95": {
      "R0": {
        "p5": 5.926348447799683,
        "p50": 8.75716495513916,
        "p95": 11.174081087112427
      },
      "IC50": {
        "p5": 5.720919346809387,
        "p50": 9.189297199249268,
        "p95": 18.591414737701417
      },
      "kin": {
        "p5": 0.49938725084066393,
        "p50": 0.8473046123981476,
        "p95": 1.4583324790000916
      },
      "kout": {
        "p5": 0.06240067724138498,
        "p50": 0.10621953010559082,
        "p95": 0.13863920122385026
      }
    }
  }
}